location,area_sqft,bedrooms,price
City Center,644,2,338828.59
Industrial Area,903,3,213473.94
Countryside,1244,3,236290.23
Industrial Area,1133,3,281160.62
Industrial Area,1447,3,352521.56
Suburb,1163,3,324281.2
Countryside,1424,4,269851.11
Countryside,1650,2,311515.18
Countryside,1162,3,250526.76
Industrial Area,1367,4,367292.41
City Center,674,3,320568.5
Countryside,1163,3,240791.1
Industrial Area,830,3,220602.75
Suburb,1244,3,350815.97
City Center,1271,4,637914.68
Suburb,1270,3,419002.74
City Center,1056,5,538157.2
Industrial Area,1890,1,468820.49
Downtown,820,1,319597.2
City Center,801,3,370163.08
Suburb,1696,2,515857.1
Industrial Area,989,2,276467.25
City Center,917,2,446296.84
Downtown,1891,2,727366.23
Downtown,1496,1,588436.64
Countryside,1022,5,217624.0
Countryside,1265,2,246572.5
Suburb,1784,3,522892.98
City Center,1407,3,703787.32
City Center,1586,4,796445.51
Countryside,1441,1,267374.15
City Center,1479,4,736240.74
City Center,1212,3,598540.99
Downtown,1203,3,471586.43
Countryside,1280,3,240744.45
Industrial Area,1420,4,369118.87
Countryside,1115,2,213334.2
Industrial Area,1237,3,279325.82
Downtown,1107,3,446764.47
Suburb,1235,3,381377.99
City Center,825,5,400559.76
Downtown,1982,2,784405.06
City Center,980,5,480264.19
Suburb,1092,1,322400.2
Suburb,954,1,302802.75
Downtown,1385,1,552289.11
Suburb,1141,2,354893.9
Industrial Area,911,3,213217.53
Suburb,1397,1,413344.64
City Center,1437,1,732810.21
City Center,1180,4,577915.92
City Center,1001,4,515682.05
City Center,1857,4,919074.24
Industrial Area,1302,4,320675.06
Countryside,818,3,188652.44
Downtown,1624,2,643062.72
City Center,943,2,473680.19
Suburb,2023,3,616146.55
City Center,1224,2,615397.63
Suburb,1504,3,455025.8
Suburb,576,1,171951.9
City Center,815,2,387966.41
Industrial Area,1600,3,405224.34
Suburb,1295,3,377512.97
Suburb,1813,3,555536.51
City Center,1346,3,693580.92
Suburb,1244,1,346116.64
Suburb,1714,2,534807.12
City Center,1503,4,745334.13
City Center,1141,3,568535.76
Downtown,872,2,335114.19
Industrial Area,489,4,125077.02
Industrial Area,1069,2,268252.22
Suburb,844,3,269353.84
Industrial Area,1979,2,483629.1
Suburb,1005,3,326412.04
Downtown,997,3,408770.71
City Center,744,2,373364.53
City Center,1120,4,557288.23
City Center,1001,3,495901.46
Industrial Area,1721,2,426629.84
Downtown,1251,2,502926.03
Industrial Area,1197,2,296115.0
Industrial Area,1160,1,280392.06
Downtown,1436,3,577016.89
Downtown,1064,4,413055.68
Downtown,1400,3,564837.0
Downtown,1684,2,670253.99
City Center,1338,1,679450.96
Countryside,1125,2,239836.11
Countryside,914,3,197630.21
Downtown,1117,3,451571.58
Countryside,1369,2,280322.47
Countryside,740,3,143158.73
Downtown,1449,4,589764.6
Countryside,1262,3,264257.52
Industrial Area,1155,4,265240.06
Suburb,1002,3,306275.21
Suburb,1057,3,337621.95
Downtown,1379,3,546255.65
City Center,1162,3,572381.8
Downtown,1050,2,413702.05
City Center,1341,2,647926.86
Suburb,1352,2,407489.76
Downtown,825,3,330449.48
Industrial Area,1371,2,345705.4
Countryside,1951,4,396439.65
City Center,1341,3,658530.1
Countryside,690,3,142097.99
Countryside,1253,2,257247.98
Downtown,651,4,253074.12
Countryside,2150,4,436301.77
Industrial Area,1871,3,468960.6
Countryside,1000,2,190532.15
Downtown,526,3,214641.83
Industrial Area,936,2,229639.34
Suburb,1146,2,354255.98
Countryside,671,3,130612.5
Downtown,1179,3,452253.52
Suburb,1144,3,347204.8
Suburb,1238,4,374841.05
City Center,1269,3,618282.94
Industrial Area,910,3,238758.04
Countryside,944,2,199273.31
Downtown,1214,4,472550.3
City Center,1011,1,495605.61
Industrial Area,1472,4,365869.89
City Center,1211,4,594117.22
Industrial Area,1760,2,449605.96
Industrial Area,1446,3,363734.58
Countryside,1531,4,289796.64
Industrial Area,1240,3,297662.94
City Center,1247,4,641315.79
Industrial Area,1719,4,452783.44
Countryside,1087,3,225480.93
Countryside,1364,2,269630.87
City Center,1120,4,553400.56
Suburb,1119,3,343945.49
Suburb,849,2,255838.81
Industrial Area,977,1,220098.93
Downtown,922,3,384278.02
Industrial Area,1378,4,364687.05
City Center,1512,4,767058.79
City Center,1172,3,569625.83
City Center,1269,2,624947.6
City Center,1154,2,549134.2
City Center,957,4,502440.73
Countryside,1459,2,286448.92
Suburb,1396,2,453799.34
City Center,632,2,345328.45
Downtown,1115,3,432448.6
Downtown,935,4,363375.98
Downtown,1083,2,440192.86
Downtown,999,3,373281.87
Countryside,1186,3,230626.11
Downtown,1101,5,432327.61
City Center,1095,2,575267.49
Industrial Area,1532,3,385415.27
Downtown,1367,2,542528.5
Countryside,989,4,188327.73
Countryside,1033,3,220010.74
Downtown,1348,2,531749.34
Industrial Area,1347,3,335995.76
Downtown,1019,3,398013.15
Countryside,1130,1,203236.94
Suburb,1754,4,511259.47
City Center,1024,2,504470.42
Countryside,1773,3,350651.18
Downtown,1531,3,609108.64
City Center,1718,3,857666.2
Downtown,1011,2,397069.69
Downtown,1149,4,479836.9
Suburb,1065,3,333719.76
City Center,1538,3,766973.36
City Center,1030,3,518813.87
Suburb,1419,3,420118.68
Countryside,1403,1,237947.72
Downtown,1186,2,474707.4
Industrial Area,1590,4,402084.22
Downtown,1232,2,468610.07
Downtown,1450,3,587491.17
Countryside,1052,5,206191.35
Downtown,983,1,398269.01
Suburb,1419,3,421944.02
Suburb,1329,3,417464.32
City Center,1273,3,639893.43
Industrial Area,1097,1,289286.25
Downtown,1665,1,682270.89
Downtown,865,3,329206.66
Countryside,849,4,158714.75
Suburb,1483,3,451674.16
Industrial Area,1458,3,359016.94
City Center,1306,1,649420.9
Suburb,1114,3,353498.47
City Center,1351,2,670844.5
Countryside,1716,4,328666.06
Countryside,1955,4,378493.0
Downtown,703,3,313935.35
Industrial Area,1074,4,265826.71
City Center,1055,1,507036.28
Suburb,1688,3,479858.12
Countryside,456,2,81830.45
Downtown,1354,4,538652.17
Downtown,1123,2,463437.61
City Center,1691,3,858285.18
Countryside,1650,4,329904.8
Industrial Area,1310,1,320687.47
Countryside,726,2,150294.03
City Center,1028,3,487768.81
City Center,1061,3,560216.21
Countryside,802,2,170211.58
City Center,1546,2,786004.85
Countryside,764,2,136687.7
Suburb,1790,4,556239.73
Countryside,1789,3,350899.74
Countryside,1084,1,202511.63
City Center,1299,2,648912.41
City Center,1178,2,588061.67
Downtown,1471,2,572221.94
Downtown,1582,3,619375.94
Suburb,1277,2,368501.52
Downtown,1341,2,521944.27
Countryside,1014,3,196978.53
City Center,1331,2,644665.22
Downtown,1249,3,489229.38
Downtown,926,3,386077.02
Suburb,1196,3,371149.64
Suburb,1085,3,309751.81
Countryside,1017,3,217773.07
City Center,856,4,398503.41
Suburb,1219,3,402137.16
Downtown,966,3,405904.7
City Center,1059,4,521104.02
City Center,1523,3,767236.4
Downtown,1390,2,534986.21
Suburb,906,2,272706.64
Downtown,1306,2,519645.05
City Center,1240,4,607478.55
Industrial Area,1711,3,420721.64
Industrial Area,1615,4,395245.19
Countryside,740,3,131023.95
Downtown,1458,3,570327.79
Downtown,1580,1,610372.33
Countryside,1368,3,286459.96
Countryside,1099,3,205818.31
Countryside,1924,5,366469.69
City Center,1395,2,710122.57
Downtown,1793,3,722744.31
City Center,1605,3,814567.52
Countryside,1339,3,281541.25
Downtown,1026,3,439461.82
City Center,1193,3,594159.4
City Center,1133,2,544635.88
Countryside,836,3,171265.57
Downtown,1395,3,547964.93
Countryside,1670,4,319637.42
Downtown,1111,4,445898.88
Industrial Area,1849,2,475236.29
Suburb,733,2,207360.08
Suburb,1516,5,473915.82
Suburb,1701,3,495455.79
Countryside,1139,4,224141.45
Industrial Area,1144,2,291794.62
Downtown,1513,3,599381.51
City Center,1352,4,649359.96
Downtown,601,4,254311.11
City Center,947,2,464148.03
Downtown,1196,3,489573.48
Industrial Area,789,3,178287.84
City Center,1058,1,512598.45
Countryside,797,3,172336.5
Downtown,1089,3,440707.62
Downtown,1099,4,433021.21
City Center,1306,3,658325.47
Countryside,1172,2,220089.41
Countryside,1351,1,271853.89
Industrial Area,1315,3,330678.31
Countryside,1509,2,296193.28
Countryside,1462,3,279870.71
Countryside,1430,2,287053.73
Suburb,2131,4,638475.28
Industrial Area,1304,5,319012.67
Downtown,1978,3,775692.78
City Center,1324,4,662187.16
Downtown,1175,3,463050.16
Industrial Area,1088,3,256480.14
City Center,1653,2,827152.95
Industrial Area,1692,3,447124.58
Countryside,1380,3,270497.59
City Center,1540,4,792466.65
Countryside,817,3,195114.98
Downtown,735,4,279698.72
Downtown,1574,3,629735.66
City Center,1162,2,612555.98
City Center,1425,5,710683.8
Industrial Area,985,3,246802.18
Industrial Area,1697,2,399199.92
Countryside,738,3,139625.07
City Center,784,2,400333.83
Downtown,1633,3,689639.24
Industrial Area,417,3,101309.9
Industrial Area,1314,3,303560.61
Downtown,1168,5,446121.26
Industrial Area,979,3,244213.15
Countryside,1140,2,245658.1
City Center,946,3,482560.31
Downtown,1663,4,672103.84
City Center,1741,2,890137.17
Industrial Area,994,2,237696.56
Industrial Area,1283,1,321036.42
Downtown,802,1,312994.27
Countryside,1522,4,300328.16
Suburb,1514,3,439105.96
Downtown,1111,2,439240.36
Suburb,1205,3,361084.27
Suburb,1172,2,346027.93
Countryside,714,5,140384.08
Suburb,1664,5,505275.61
Suburb,970,2,309580.44
Countryside,972,4,214067.34
Suburb,1155,3,357921.33
Suburb,1499,2,430800.28
Suburb,1023,2,301493.85
Downtown,614,3,241485.72
Downtown,934,3,363742.75
Downtown,1327,5,535935.27
Countryside,1857,3,347485.07
Industrial Area,822,4,230903.5
Suburb,811,3,261228.31
Suburb,746,4,230973.03
Countryside,709,3,140868.36
Suburb,1562,2,487032.59
Downtown,1648,3,669541.07
Industrial Area,1253,4,329849.57
City Center,1060,1,529114.22
Suburb,1737,4,547939.7
Downtown,1252,2,518303.32
City Center,1527,3,771143.04
Industrial Area,1045,4,280089.59
City Center,1213,2,600212.57
Downtown,829,2,314087.49
City Center,1389,3,699323.26
Countryside,1257,4,250543.64
City Center,932,1,463034.24
Suburb,936,4,299044.68
Suburb,1685,2,508007.09
Countryside,1792,5,362353.54
Downtown,1136,5,449494.21
Suburb,1220,3,379216.85
Industrial Area,1320,3,340528.14
Suburb,1244,3,386304.9
Suburb,698,3,201941.04
Downtown,1328,1,550761.33
City Center,574,1,314581.53
Suburb,980,1,306630.58
Countryside,1352,3,258260.68
City Center,1380,2,677966.97
Industrial Area,957,3,233619.35
Downtown,1062,5,416334.34
Industrial Area,1022,2,254433.61
City Center,1169,3,593986.64
City Center,1192,3,600349.29
City Center,1401,4,703534.34
Industrial Area,1045,4,257631.96
City Center,1312,4,654892.31
Industrial Area,1352,5,349948.63
City Center,1259,1,599320.63
Countryside,1122,4,224229.14
City Center,1254,3,631319.81
Industrial Area,1426,2,368253.75
Suburb,1452,5,420449.31
City Center,1745,2,856556.35
Suburb,903,3,279659.32
Countryside,1068,2,185033.22
Downtown,716,3,306382.84
Countryside,1479,3,299198.88
City Center,1100,3,573380.82
Suburb,1262,3,362293.91
Suburb,1019,2,299154.61
Industrial Area,1102,4,239381.98
Suburb,1567,2,458164.65
Industrial Area,1408,3,349242.3
Downtown,1167,4,437359.39
City Center,1430,4,709080.6
Industrial Area,1437,3,329439.9
Downtown,1083,3,429338.1
Suburb,759,4,244906.68
Suburb,930,4,278475.3
Downtown,798,3,344073.11
Suburb,1549,2,476494.39
Downtown,1601,2,660622.22
Industrial Area,1676,2,407525.82
Industrial Area,594,3,136662.88
Downtown,1521,1,613584.2
Industrial Area,1864,3,442334.47
Industrial Area,1534,2,390567.16
Industrial Area,555,2,133891.2
Countryside,1730,4,365949.95
City Center,1213,3,616692.68
Suburb,1130,1,355450.6
Countryside,1335,4,255686.91
Industrial Area,885,1,236973.15
Downtown,1201,3,502070.69
Industrial Area,1686,3,420919.29
City Center,1387,2,682409.74
Industrial Area,1218,4,293673.19
Downtown,1227,3,509385.19
City Center,846,3,463265.19
Industrial Area,1155,1,274025.32
City Center,710,2,339122.2
Suburb,1507,4,465921.21
Suburb,544,2,151891.3
Industrial Area,1456,3,379275.33
City Center,1494,3,753980.19
Downtown,1596,3,638040.34
Industrial Area,1226,1,313119.07
Suburb,1475,2,448202.98
Suburb,1152,3,342905.9
Industrial Area,844,2,184654.58
City Center,1659,2,832179.76
Suburb,1171,1,374895.91
City Center,777,3,364368.47
Suburb,1060,4,303513.22
Suburb,1072,1,328002.4
Countryside,1339,2,268378.88
Suburb,1904,2,577367.73
Downtown,1357,3,532310.23
Industrial Area,1262,3,332936.87
Industrial Area,1937,3,484953.51
City Center,1494,3,757454.78
Suburb,1276,3,387604.16
Downtown,1056,4,425032.42
City Center,1295,4,656902.5
Countryside,1180,2,238797.32
City Center,1227,2,595647.01
City Center,1594,2,813310.35
Suburb,1038,2,323671.91
Countryside,1354,5,239197.24
City Center,1485,3,732687.0
Downtown,1001,2,416035.41
Downtown,953,3,353796.07
Industrial Area,1155,3,302903.5
Countryside,1062,2,210281.66
Countryside,1546,2,329304.24
Industrial Area,899,3,224732.8
City Center,1221,3,599668.98
Countryside,1964,1,397421.28
Downtown,1324,2,529144.22
Downtown,1374,3,537437.23
Suburb,1548,2,497675.15
Countryside,1061,3,197633.53
City Center,876,3,404355.67
Industrial Area,1253,2,336975.48
Industrial Area,1280,4,311246.55
City Center,715,3,353048.4
Suburb,1313,2,388531.41
Industrial Area,1521,3,371705.23
Countryside,926,3,173707.11
Suburb,1331,3,384347.74
Countryside,1468,2,294571.4
Downtown,1376,5,544370.19
Suburb,1404,3,432155.43
Industrial Area,1127,2,288990.41
Suburb,862,2,244687.32
Suburb,1066,1,321427.82
Suburb,1024,4,300932.43
Suburb,1176,2,337925.09
Countryside,1528,2,315941.47
Downtown,806,4,320580.12
City Center,1243,2,615386.75
Suburb,881,1,251466.49
Industrial Area,978,1,229080.95
Suburb,1368,2,440231.52
Industrial Area,843,2,215761.78
Countryside,1420,3,267633.06
Industrial Area,794,2,202817.99
City Center,1400,2,715930.24
Downtown,735,3,296512.76
Industrial Area,1015,3,274360.32
Industrial Area,1769,3,419107.8
Downtown,1713,3,655330.17
City Center,1076,2,541907.76
Suburb,1317,3,399247.44
Industrial Area,1561,3,340157.5
Downtown,1404,2,552246.36
Countryside,1118,4,208470.07
Downtown,975,1,369120.81
Countryside,1460,3,276834.37
City Center,1539,2,778436.82
Suburb,1715,3,499238.92
Downtown,694,3,262853.17
Industrial Area,824,4,181717.92
City Center,1549,1,793533.64
Downtown,735,3,300519.49
Industrial Area,1572,3,355614.66
Downtown,1136,3,439666.4
Countryside,1044,3,216727.77
Downtown,1262,3,524020.89
Downtown,796,3,331012.58
Downtown,1447,2,573464.76
City Center,1707,3,824529.35
Downtown,1461,2,597453.73
Industrial Area,1126,5,277046.55
Countryside,739,3,148832.93
Countryside,750,5,147338.69
Downtown,801,2,300067.06
City Center,1196,4,603463.75
City Center,1234,4,620396.89
Industrial Area,1461,3,358863.17
Downtown,661,3,271466.59
Countryside,1593,2,297990.01
City Center,1408,4,699964.96
Downtown,1102,3,441191.91
City Center,843,1,395476.09
City Center,1575,2,786643.55
Countryside,1110,4,233004.68
Suburb,1194,4,353651.54
Industrial Area,1315,5,328238.28
Industrial Area,926,3,239935.16
Countryside,1115,2,217183.0
City Center,1460,2,725533.04
Downtown,1429,2,553949.45
City Center,1432,1,715775.95
Countryside,853,2,165577.27
Industrial Area,1129,2,289736.35
City Center,1081,3,548951.9
Industrial Area,1328,4,343868.14
Downtown,1301,3,512776.09
Industrial Area,1247,4,279101.28
Industrial Area,1940,3,496124.6
Suburb,1113,2,340366.81
Suburb,1078,2,313870.63
Suburb,853,1,264224.1
Industrial Area,739,2,163021.15
Countryside,834,3,182253.6
Industrial Area,984,1,240995.63
Countryside,1593,2,306166.09
Countryside,1212,2,233074.48
Suburb,1258,5,373927.73
City Center,1171,3,585319.82
Downtown,1310,3,524724.2
Suburb,1621,2,479855.89
Suburb,602,3,183603.59
City Center,1566,3,783124.19
Downtown,445,3,168286.41
Industrial Area,1208,5,290027.14
Industrial Area,1858,2,473625.48
Suburb,1404,4,429064.89
Downtown,1312,4,525657.05
Suburb,1801,1,554162.93
Countryside,989,3,168380.09
Suburb,1330,5,390534.08
Suburb,1373,2,394555.24
Industrial Area,1043,3,294594.08
Industrial Area,1070,5,278198.3
Industrial Area,1037,3,258064.07
Countryside,1226,2,256974.86
Industrial Area,1364,3,357744.13
Downtown,1237,2,511384.48
City Center,1413,3,720325.55
Downtown,609,1,239661.9
Downtown,1135,3,446479.52
Industrial Area,893,3,208817.16
City Center,1291,3,653036.71
City Center,1286,3,640615.96
City Center,1165,3,576222.93
Countryside,1353,3,263540.08
Industrial Area,1499,2,396502.89
City Center,1182,3,605290.21
Countryside,884,2,204255.91
Suburb,726,4,225735.24
Suburb,1211,1,364154.32
Countryside,1273,3,254218.96
Countryside,909,3,166495.48
Industrial Area,1418,3,335578.72
Industrial Area,1062,1,273110.12
Suburb,703,3,196879.82
City Center,1577,3,791671.87
Suburb,1543,3,479632.0
City Center,595,2,287518.19
City Center,1031,3,545657.22
Industrial Area,1020,3,240139.57
Downtown,1692,3,691652.92
Downtown,1170,3,474371.34
Countryside,751,3,168111.43
Industrial Area,1465,2,349507.04
City Center,831,1,450105.31
Downtown,1122,2,446118.37
City Center,969,2,494649.72
Downtown,1032,3,434467.31
Downtown,1481,3,583330.07
Downtown,1656,2,674785.9
Industrial Area,818,4,192927.96
Suburb,1388,1,437354.42
City Center,980,3,478597.29
Industrial Area,989,3,247827.6
Industrial Area,1347,2,341341.81
Industrial Area,892,1,234764.5
Industrial Area,1341,3,364777.14
Industrial Area,1419,2,347970.47
Countryside,1070,4,231081.02
City Center,1598,3,828553.88
Industrial Area,818,4,206986.0
City Center,1604,2,793748.01
Countryside,617,3,97449.49
Countryside,2010,3,430249.14
City Center,1078,3,535333.34
Downtown,851,2,325379.62
Suburb,1130,3,318625.05
Downtown,886,3,339351.79
Downtown,1316,3,540195.58
Downtown,1610,2,659868.03
Industrial Area,902,4,235281.83
Countryside,1374,1,276785.07
Downtown,740,4,277317.19
Countryside,1510,4,291050.89
City Center,1325,4,645900.71
Suburb,1523,3,465492.32
City Center,1163,3,565550.31
City Center,1069,5,523786.31
Industrial Area,1445,2,358497.69
Suburb,808,3,217353.0
City Center,677,3,339201.57
City Center,1199,3,597892.71
Suburb,1083,2,342663.14
Suburb,1366,3,397502.02
City Center,1527,4,744012.07
Suburb,1360,1,402389.11
City Center,1504,4,735528.63
City Center,1296,1,648587.32
Industrial Area,1348,2,309100.98
Downtown,1165,1,456919.82
City Center,1340,1,656074.42
Countryside,1250,4,258516.36
Downtown,1298,2,507041.53
Downtown,1150,3,433958.56
Downtown,1443,2,574172.7
Industrial Area,987,3,251548.29
City Center,1194,3,592931.92
Industrial Area,1594,2,389330.16
City Center,915,2,447426.57
Industrial Area,551,4,139444.22
Industrial Area,1310,2,314158.27
Countryside,1123,3,219672.76
Industrial Area,1503,2,387006.7
Suburb,1161,3,328780.15
Countryside,1019,2,203144.99
Industrial Area,1177,3,267415.16
Downtown,1528,2,614618.95
Suburb,1373,5,397217.86
Suburb,470,2,156293.88
Suburb,1256,3,354645.79
Countryside,1271,3,260831.19
Industrial Area,1195,2,317066.97
Industrial Area,1017,3,238789.66
Downtown,1558,2,610271.73
Downtown,1573,4,615037.07
Suburb,539,4,154412.06
Downtown,961,4,392161.33
Countryside,1157,1,222887.43
Industrial Area,1485,3,354435.63
Suburb,1210,3,332718.69
Downtown,995,4,422029.21
Countryside,1413,3,307807.43
Countryside,1137,4,235803.56
Downtown,1165,3,453844.24
Industrial Area,1192,3,309215.53
Downtown,1372,2,563030.6
Suburb,1107,3,328286.28
Downtown,1406,3,563020.53
Countryside,1178,3,254076.52
Downtown,880,3,327393.08
Industrial Area,1189,3,312226.34
City Center,895,2,442862.69
Downtown,1212,3,468111.33
Industrial Area,1449,3,346795.4
Industrial Area,878,3,206529.17
Countryside,1309,1,243648.94
Industrial Area,951,2,264320.83
Industrial Area,1261,2,322618.04
Industrial Area,1458,3,380467.24
Industrial Area,561,1,148685.52
Suburb,866,3,260718.41
Suburb,1089,4,327821.33
Countryside,1295,2,253037.31
Downtown,1150,3,455263.26
Industrial Area,1186,3,275378.45
Downtown,1813,4,741427.39
Downtown,836,3,307201.5
Countryside,1541,3,292320.84
Industrial Area,1095,4,303930.51
Industrial Area,1365,3,343292.59
City Center,1839,4,922165.66
Downtown,1407,1,572360.08
Downtown,1312,4,501694.94
Suburb,1680,3,483093.1
City Center,1537,3,761826.58
Suburb,960,2,274449.59
Suburb,1288,3,385275.66
Suburb,685,1,212783.24
Countryside,1038,4,228437.45
Countryside,1294,4,270966.33
Suburb,1019,2,290785.85
City Center,1282,4,635375.54
Downtown,1196,3,468695.82
City Center,1361,3,665251.59
Industrial Area,1073,2,249587.37
Countryside,918,2,208564.69
Downtown,1643,2,657359.63
Downtown,1051,2,417036.55
Industrial Area,1398,4,356763.86
Industrial Area,1631,1,415756.19
Suburb,1249,4,391482.38
Countryside,943,2,177445.08
Countryside,1146,3,235240.83
City Center,1505,3,738832.39
Suburb,1262,4,375747.63
Suburb,838,2,252251.14
Suburb,1379,3,416017.26
Suburb,1431,3,430954.82
Countryside,1093,1,230627.46
Countryside,1383,2,267645.17
Suburb,1274,3,384925.11
City Center,1141,3,559116.43
Downtown,812,3,368611.29
Downtown,1523,2,595507.04
City Center,1428,3,703490.21
Suburb,1375,3,425739.72
Countryside,1663,3,326158.02
Downtown,1484,4,606845.69
Industrial Area,1406,3,353795.34
Industrial Area,536,3,127952.16
City Center,1559,2,768208.67
Suburb,1225,3,355667.45
Downtown,1294,2,511715.18
Suburb,1296,3,386184.06
Downtown,1432,3,560321.78
City Center,1537,4,766861.51
City Center,1390,2,678588.27
Industrial Area,1343,3,347088.52
Suburb,1269,3,394910.44
Industrial Area,400,2,89435.12
Suburb,1114,2,322797.4
Industrial Area,918,2,232168.75
Countryside,1563,2,331580.49
Countryside,1386,2,299499.95
Countryside,1063,2,191558.86
Countryside,1093,2,233694.57
Downtown,1082,3,431876.7
Countryside,1076,3,214567.15
City Center,767,5,391070.69
City Center,702,3,343785.64
Downtown,1209,3,500050.51
Countryside,1523,4,325959.43
Countryside,1039,3,229719.26
Countryside,1291,3,230541.28
Industrial Area,1420,3,351555.14
Suburb,902,2,241571.54
Industrial Area,1194,2,287020.8
Suburb,1000,3,264037.52
Countryside,1682,3,343154.0
Countryside,1669,1,337089.64
Industrial Area,902,4,219010.98
Industrial Area,1316,3,317132.78
Suburb,1520,3,460710.47
City Center,1454,4,711828.67
Suburb,1224,3,351008.07
Industrial Area,1592,5,379963.76
Industrial Area,929,3,229192.39
Downtown,1109,2,434865.39
Industrial Area,937,3,228486.43
Downtown,1435,3,581827.13
City Center,1025,3,526949.45
Suburb,1149,5,366457.21
Suburb,1385,3,416402.05
Downtown,1409,3,568813.84
Suburb,928,4,281232.7
Industrial Area,1517,3,354137.21
Countryside,1337,3,261854.54
Downtown,875,4,344523.53
Suburb,802,2,232937.81
Downtown,1195,3,477385.91
Downtown,1455,4,578707.79
Countryside,1463,3,277805.1
Industrial Area,1307,3,324484.61
Downtown,1215,3,476414.24
Suburb,1354,3,366911.36
City Center,943,4,450543.97
Downtown,1706,2,683733.71
Downtown,1702,2,697178.37
Countryside,1329,2,229391.95
Industrial Area,1259,3,301694.13
City Center,1077,3,544971.81
Suburb,1359,4,420872.93
City Center,993,3,490198.3
Suburb,533,3,149658.26
Industrial Area,400,1,118295.66
Suburb,960,3,299941.39
Countryside,1247,3,262279.28
Countryside,1300,1,252979.04
Countryside,1054,2,227505.41
Countryside,1243,2,219423.97
City Center,1118,1,575968.45
Industrial Area,900,3,224002.02
Suburb,1184,2,357134.01
Suburb,1444,3,419021.21
Countryside,914,4,155589.6
Countryside,914,3,184415.56
Downtown,879,5,359870.92
Industrial Area,619,3,165290.39
City Center,1056,3,536921.68
Suburb,1414,5,429722.43
Downtown,1252,2,486943.2
Downtown,1149,4,471112.14
Suburb,1239,1,356165.66
City Center,1053,3,543105.96
Downtown,616,1,245140.27
Downtown,1435,3,573239.36
Industrial Area,1521,3,393238.9
City Center,982,3,506022.03
Downtown,1155,2,473559.58
City Center,1129,2,552193.13
Suburb,1305,1,402940.04
Countryside,1707,2,329178.16
Downtown,1548,4,631018.52
Industrial Area,1087,2,250372.55
Suburb,1363,4,407494.8
City Center,1576,4,775686.63
Suburb,1323,2,409949.03
Downtown,1199,3,496327.5
City Center,1334,1,669984.95
Countryside,989,2,200291.64
Suburb,1033,1,320462.66
Downtown,881,3,369216.72
Industrial Area,1292,3,323559.67
City Center,1161,3,573004.87
Suburb,953,3,295609.01
Suburb,1151,2,317419.09
Countryside,1341,3,281844.77
Countryside,1774,3,344147.2
Industrial Area,1504,1,372396.58
Industrial Area,515,2,142490.77
Downtown,1272,3,502567.36
Downtown,1629,2,661311.13
Industrial Area,799,3,216833.63
Industrial Area,1365,2,342900.5
City Center,1129,2,569171.72
Countryside,1545,2,307208.46
Downtown,1321,2,530133.97
Countryside,935,3,170253.93
Countryside,1140,3,223593.93
Industrial Area,1157,3,269926.92
City Center,1163,4,568018.49
Suburb,1536,3,430755.76
City Center,947,3,477458.92
City Center,1501,2,775874.03
Countryside,1109,3,214958.41
City Center,1267,3,647977.0
Downtown,1222,2,505685.39
Countryside,1193,3,220612.94
Downtown,1196,2,463643.09
Suburb,1637,3,505961.97
Countryside,1453,4,289214.88
Suburb,1091,4,307938.17
Countryside,1675,3,325447.11
Industrial Area,1282,3,326794.9
City Center,1307,3,641590.95
Industrial Area,949,3,195631.95
Suburb,1051,2,310469.8
City Center,993,3,492885.1
Countryside,1226,3,245338.4
City Center,1392,5,714883.25
Downtown,1310,3,524802.84
City Center,1676,3,841644.06
Downtown,934,3,389433.05
City Center,1234,3,617155.16
Downtown,815,3,358047.81
Suburb,923,2,257944.38
Industrial Area,1579,3,380737.78
Countryside,1061,4,221409.38
City Center,959,3,498314.7
Industrial Area,561,2,137238.08
Countryside,956,3,176040.68
Countryside,1138,4,254014.84
Downtown,793,1,305314.47
Suburb,1121,3,341385.82
Suburb,1581,4,494012.28
Industrial Area,988,3,240375.92
Suburb,917,5,265768.08
City Center,863,3,423194.68
Suburb,857,3,270623.27
Industrial Area,1361,3,356152.22
Suburb,1215,2,365005.88
City Center,1487,2,771746.23
Downtown,1806,3,722879.5
Industrial Area,651,2,182135.0
Downtown,1314,3,519119.98
Downtown,864,4,380606.35
Downtown,1437,4,598351.97
Countryside,1118,3,221680.38
Countryside,1208,4,263118.1
Downtown,815,3,346759.71
Industrial Area,1072,3,291295.62
City Center,1227,2,576270.2
City Center,1607,3,814290.27
Suburb,962,3,296734.48
Industrial Area,1035,3,265816.1
Countryside,1483,3,299875.2
Downtown,942,1,380517.17
Suburb,1543,3,482147.1
City Center,1197,4,606592.1
Countryside,1291,3,261453.6
Countryside,1310,5,279090.72
Downtown,1015,4,412270.39
City Center,1317,4,666203.53
Industrial Area,968,4,270005.56
Countryside,1049,4,203282.79
Downtown,1368,3,524464.34
Industrial Area,1288,1,323085.45
City Center,1178,3,592218.15
Countryside,822,3,175222.94
Industrial Area,897,2,225859.74
Industrial Area,1283,2,332076.79
Industrial Area,1420,5,392569.25
Countryside,867,4,185422.71
Countryside,948,4,204259.73
Suburb,1240,3,370057.03
City Center,1234,1,596221.14
Downtown,713,1,250728.33
Industrial Area,1248,2,304219.79
Suburb,1020,1,267294.43
Downtown,1692,1,684503.24
Suburb,1275,4,376757.75
Countryside,1326,3,245499.38
Industrial Area,1334,2,335463.11
Downtown,836,2,323320.52
Downtown,1783,3,719961.64
Downtown,713,1,295814.39
Downtown,1439,4,565072.49
Downtown,1386,3,550840.78
Suburb,1057,3,320323.44
Industrial Area,1400,2,328894.37
Countryside,1105,1,224222.11
Countryside,997,3,177934.72
Countryside,1341,3,276685.75
Countryside,898,3,173072.55
Suburb,1133,2,318351.86
City Center,1022,3,502300.4
Industrial Area,1099,3,266684.88
Downtown,1330,4,548027.81
City Center,1022,2,513599.57
Countryside,1142,2,214055.84
City Center,1049,3,549235.99
Industrial Area,1633,3,417647.36
Downtown,1303,3,516155.16
Downtown,1266,3,483092.49
Industrial Area,1405,3,344881.1
Industrial Area,1022,4,252192.3
Countryside,1458,3,297135.48
Downtown,1304,4,530708.85
City Center,732,3,378098.73
Suburb,772,4,207427.99
Suburb,1028,4,311527.57
Industrial Area,804,2,198605.76
Countryside,1129,4,265969.66
Suburb,896,2,269770.42
Downtown,1171,4,459060.2
Industrial Area,1624,3,407655.53
City Center,1185,1,592371.48
Industrial Area,1109,3,247414.41
City Center,1316,5,664124.57
Industrial Area,991,1,243091.63
Industrial Area,1453,3,362849.63
Industrial Area,1349,3,324146.47
City Center,1212,4,589591.29
City Center,1246,3,636183.24
Industrial Area,1813,2,469876.85
Suburb,1483,1,451171.48
Countryside,1860,3,344838.04
Countryside,1360,3,279245.95
Countryside,758,4,124660.95
City Center,1121,1,550582.37
City Center,690,3,357983.38
Suburb,1358,1,417263.98
Countryside,1424,2,291654.51
Countryside,934,3,206493.54
Industrial Area,1003,3,259150.23
City Center,1245,3,592214.71
Countryside,841,4,162657.04
Suburb,818,3,244775.87
Suburb,1572,5,469218.87
Countryside,1234,4,237542.97
City Center,1033,3,501047.66
Suburb,692,4,243611.17
Industrial Area,1456,3,358168.83
Suburb,995,1,333774.03
Downtown,1758,3,686080.64
Downtown,1458,1,593055.9
City Center,958,3,482444.62
Countryside,985,3,183170.76
City Center,1717,1,851486.64
City Center,1175,2,587273.05
City Center,1046,4,510338.25
City Center,1208,3,600157.89
Industrial Area,1045,2,225776.46
Industrial Area,1272,3,328672.74
Suburb,1177,3,371507.28
Downtown,1463,3,592015.46
City Center,1083,5,575463.87
Suburb,935,3,290731.44
Downtown,1095,2,455142.14
Countryside,1093,4,237175.44
Industrial Area,1177,4,252984.8
Downtown,1390,2,562355.1
Countryside,1374,2,254055.98
Downtown,1560,2,606286.45
Industrial Area,957,3,224145.4
Industrial Area,1317,3,324559.26
Suburb,1418,3,435156.9
City Center,998,4,505509.85
Downtown,1138,3,455011.28
Downtown,675,2,280840.25
Countryside,1472,2,306152.29
Industrial Area,1135,3,290389.36
Downtown,1442,2,550932.43
Industrial Area,1262,3,304410.01
Downtown,1144,4,457994.92
Suburb,722,2,227601.79
City Center,776,3,368071.31
Downtown,422,3,168629.82
Industrial Area,1031,3,234265.63
Suburb,1883,2,580288.77
Downtown,814,3,329235.21
Countryside,411,1,62007.96
City Center,1489,4,724209.07
Downtown,1909,1,769411.48
Suburb,1289,3,407321.98
Countryside,1287,3,240948.21
Suburb,1107,5,343899.06
Suburb,662,2,190466.43
Countryside,765,2,165347.91
Suburb,1105,1,341747.86
Countryside,1047,2,211729.5
Downtown,1165,2,438484.13
Countryside,1449,3,300017.78
Countryside,1025,2,212530.29
City Center,1455,1,733656.45
Countryside,1027,4,208335.11
Countryside,1511,2,289018.2
Downtown,1226,2,506644.44
City Center,1069,2,547972.1
Industrial Area,1221,5,289118.66
Downtown,1112,2,464514.43
Downtown,1234,4,495575.04
Industrial Area,1427,3,358687.05
Countryside,1174,1,232154.67
Suburb,1089,5,325530.1
City Center,863,2,452063.49
Suburb,1374,1,427696.12
Industrial Area,1304,4,341177.71
Downtown,845,3,340768.47
Downtown,1451,3,593737.58
City Center,841,2,407985.3
Downtown,1509,3,612351.64
Downtown,1406,3,560097.68
City Center,1326,2,632102.93
City Center,1087,2,519708.48
Industrial Area,1373,1,333305.32
Downtown,1523,2,615427.31
Downtown,1378,4,541268.8
Industrial Area,999,3,240883.25
Countryside,1280,5,267448.91
Countryside,1540,2,299674.82
Countryside,1860,3,391962.11
Industrial Area,1138,2,301976.86
Downtown,1457,2,583128.22
Industrial Area,1540,2,396301.92
Industrial Area,956,2,248258.61
Countryside,1735,3,343315.02
Suburb,880,5,276924.52
Downtown,1443,3,592333.53
Countryside,1292,2,244113.47
Suburb,1217,1,367403.23
Suburb,1964,2,591337.56
City Center,1110,3,567744.29
Downtown,1105,3,435342.12
Suburb,1599,4,470733.6
Countryside,1429,1,288334.99
City Center,1585,3,810220.39
Downtown,1235,3,476009.34
Industrial Area,1295,3,308377.91
Countryside,1770,3,346192.43
Suburb,949,3,279561.34
Suburb,1169,3,324216.26
Countryside,1439,2,310272.93
Suburb,1141,3,340345.4
City Center,1029,2,510298.43
Downtown,1386,3,578739.56
City Center,1601,3,811266.9
Suburb,1158,3,339368.67
Industrial Area,1149,4,289719.12
Downtown,1006,4,401773.94
Downtown,1111,4,466125.26
Countryside,1525,3,302488.64
Countryside,1224,3,223169.11
Industrial Area,959,3,211591.64
Downtown,1279,4,533727.42
Industrial Area,1515,3,366920.78
Countryside,1031,5,216253.17
Countryside,801,4,161276.45
Downtown,1857,3,736550.18
City Center,786,2,389102.29
Suburb,1092,2,351350.67
Countryside,1270,4,232279.05
Countryside,1118,2,217803.17
City Center,1178,4,602598.49
City Center,1373,3,667252.82
Industrial Area,482,3,140259.24
Industrial Area,820,4,218383.75
Suburb,1213,3,367976.94
Suburb,1079,3,316152.65
Downtown,1239,3,474426.51
Industrial Area,1268,2,327605.69
Countryside,565,3,154229.67
Industrial Area,1582,2,397688.39
Countryside,1051,4,182809.32
City Center,940,4,476862.75
Industrial Area,1263,2,328653.94
City Center,1232,3,602232.21
Suburb,1559,3,458017.32
Suburb,1282,2,373389.33
Downtown,1547,5,610829.54
Industrial Area,919,1,227167.55
City Center,1243,2,608586.48
Countryside,866,3,154662.43
Suburb,1229,3,371315.63
Suburb,1166,3,347060.07
Countryside,1153,3,224056.37
City Center,1155,3,578747.85
City Center,1421,3,687697.36
Industrial Area,718,1,183448.04
Industrial Area,930,2,226264.68
Downtown,1188,2,478792.34
Suburb,846,2,259794.74
Industrial Area,1214,3,320467.27
City Center,1185,2,594044.32
Countryside,779,2,171800.78
City Center,764,2,377171.3
Suburb,413,4,119787.34
City Center,834,4,415636.08
Downtown,1204,3,493211.87
Suburb,1247,4,383564.39
Countryside,1261,3,254226.08
Downtown,967,3,368383.97
Suburb,1195,1,367695.89
Countryside,1319,3,250878.93
Downtown,820,3,314261.54
Downtown,1237,3,477722.72
Suburb,1397,3,417852.47
Industrial Area,1053,3,281425.86
Downtown,1519,3,593119.59
Downtown,1060,4,449178.64
Countryside,942,2,202047.15
City Center,1367,3,661530.97
Suburb,1810,3,537258.37
Suburb,1226,3,352196.25
Industrial Area,1390,3,357474.33
Industrial Area,1047,1,246927.55
Suburb,828,3,224083.21
Industrial Area,1250,2,307614.11
Countryside,1297,3,276940.91
Suburb,1093,3,325012.26
Industrial Area,1389,3,353226.66
Suburb,1004,2,307758.47
City Center,929,3,441815.87
Downtown,1518,2,593709.39
Suburb,1520,4,456096.96
Downtown,1010,4,395639.68
Industrial Area,1716,5,454566.82
Downtown,1114,3,427175.16
Suburb,1225,3,353861.1
City Center,1175,2,591858.16
Industrial Area,1357,2,329831.6
Suburb,1281,3,340922.51
Industrial Area,1277,3,348270.22
Countryside,894,4,162685.42
Downtown,693,2,285613.39
Countryside,1543,4,289799.13
Suburb,1036,3,297854.48
City Center,1185,3,568156.0
Industrial Area,1298,2,313382.1
Downtown,1689,1,665935.77
Industrial Area,1248,3,310011.51
Suburb,1082,3,319011.47
Industrial Area,1043,2,239127.2
Downtown,1189,3,467741.5
Suburb,927,4,299805.16
Industrial Area,1209,4,322175.86
City Center,1184,4,598835.31
Suburb,1692,2,517546.49
